Place name,Month,Year,Station number,Rentals,Returns,,,,,,,
Alfred Street / St Malachy's Church,April,2015,3923,152,145,,,,,,,
Arthur Street / Chichester Street,April,2015,3929,114,101,,,,,,,
Bankmore Square / Dublin Road,April,2015,3918,90,79,,,,,,,
Belfast Waterfront,April,2015,3908,130,115,,,,,,,
Botanic Avenue / Shaftesbury Square,April,2015,3909,102,122,,,,,,,
Bradbury Place,April,2015,3924,133,145,,,,,,,
Carrick Hill / St Patrick's Church,April,2015,3915,26,21,,,,,,,
Castle Place / Royal Avenue,April,2015,3912,98,88,,,,,,,
Cathedral Gardens / York Street,April,2015,3914,57,62,,,,,,,
Central Station / Mays Meadow,April,2015,3905,133,139,,,,,,,
City Hall,April,2015,3902,170,161,,,,,,,
College Square East,April,2015,3919,21,26,,,,,,,
Corporation Square,April,2015,3922,110,118,,,,,,,
Cotton Court / Waring Street,April,2015,3926,50,44,,,,,,,
Donegall Quay,April,2015,3904,74,76,,,,,,,
Dunbar Link / Gordon Street,April,2015,3916,48,49,,,,,,,
Europa Bus Station / Blackstaff Square,April,2015,3910,106,105,,,,,,,
Gasworks (Cromac Street),April,2015,3907,88,85,,,,,,,
Gasworks (Lagan Towpath),April,2015,3927,74,77,,,,,,,
Great Victoria Street / Hope Street,April,2015,3911,45,45,,,,,,,
Linenhall Street / Donegall Square South,April,2015,3928,84,78,,,,,,,
Millfield / Divis Street,April,2015,3920,36,41,,,,,,,
North Street / Waring Street,April,2015,3917,53,52,,,,,,,
Odyssey / Sydenham Road,April,2015,3921,157,164,,,,,,,
Royal Avenue / Castlecourt,April,2015,3925,37,39,,,,,,,
Smithfield / Winetavern Street,April,2015,3913,13,14,,,,,,,
St George's Market / Cromac Square,April,2015,3906,51,49,,,,,,,
Victoria Square / Victoria Street,April,2015,3903,67,65,,,,,,,
Writer's Square / St Anne's Cathedral,April,2015,3931,37,39,,,,,,,
Alfred Street / St Malachy's Church,May,2015,3923,783,743,,,,,,,
Arthur Street / Chichester Street,May,2015,3929,798,822,,,,,,,
Bankmore Square / Dublin Road,May,2015,3918,594,604,,,,,,,
Belfast Waterfront,May,2015,3908,898,870,,,,,,,
Botanic Avenue / Shaftesbury Square,May,2015,3909,991,972,,,,,,,
Bradbury Place,May,2015,3924,1118,1042,,,,,,,
Carrick Hill / St Patrick's Church,May,2015,3915,219,180,,,,,,,
Castle Place / Royal Avenue,May,2015,3912,657,686,,,,,,,
Cathedral Gardens / York Street,May,2015,3914,392,367,,,,,,,
Central Station / East Bridge Street,May,2015,3930,93,94,,,,,,,
Central Station / Mays Meadow,May,2015,3905,819,767,,,,,,,
City Hall,May,2015,3902,821,854,,,,,,,
College Square East,May,2015,3919,137,140,,,,,,,
Corporation Square,May,2015,3922,618,641,,,,,,,
Cotton Court / Waring Street,May,2015,3926,287,296,,,,,,,
Donegall Quay,May,2015,3904,524,533,,,,,,,
Dunbar Link / Gordon Street,May,2015,3916,235,222,,,,,,,
Europa Bus Station / Blackstaff Square,May,2015,3910,577,605,,,,,,,
Gasworks (Cromac Street),May,2015,3907,549,566,,,,,,,
Gasworks (Lagan Towpath),May,2015,3927,686,681,,,,,,,
Great Victoria Street / Hope Street,May,2015,3911,374,348,,,,,,,
Linenhall Street / Donegall Square South,May,2015,3928,438,438,,,,,,,
Millfield / Divis Street,May,2015,3920,228,216,,,,,,,
North Street / Waring Street,May,2015,3917,231,253,,,,,,,
Odyssey / Sydenham Road,May,2015,3921,1385,1453,,,,,,,
Royal Avenue / Castlecourt,May,2015,3925,321,301,,,,,,,
Smithfield / Winetavern Street,May,2015,3913,128,150,,,,,,,
St George's Market / Cromac Square,May,2015,3906,464,469,,,,,,,
Victoria Square / Victoria Street,May,2015,3903,448,477,,,,,,,
Writer's Square / St Anne's Cathedral,May,2015,3931,279,275,,,,,,,
Alfred Street / St Malachy's Church,June,2015,3923,965,960,,,,,,,
Arthur Street / Chichester Street,June,2015,3929,931,940,,,,,,,
Bankmore Square / Dublin Road,June,2015,3918,750,727,,,,,,,
Botanic Avenue / Shaftesbury Square,June,2015,3909,1221,1261,,,,,,,
Bradbury Place,June,2015,3924,1410,1283,,,,,,,
Carrick Hill/St Patricks Church,June,2015,3915,277,230,,,,,,,
Castle Place / Royal Avenue,June,2015,3912,832,869,,,,,,,
Cathedral Gardens / York Street,June,2015,3914,363,353,,,,,,,
Central Station / East Bridge Street,June,2015,3930,396,371,,,,,,,
Central Station / Mays Meadow,June,2015,3905,1279,1228,,,,,,,
City Hall,June,2015,3902,1030,984,,,,,,,
College Square East,June,2015,3919,192,190,,,,,,,
Corporation Square,June,2015,3922,926,962,,,,,,,
Cotton Court / Waring Street,June,2015,3926,373,397,,,,,,,
Donegall Quay,June,2015,3904,772,801,,,,,,,
Dunbar Link / Gordon Street,June,2015,3916,271,281,,,,,,,
Europa Bus Station / Blackstaff Square,June,2015,3910,657,677,,,,,,,
Gasworks (Cromac Street),June,2015,3907,805,801,,,,,,,
Gasworks (Lagan Towpath),June,2015,3927,993,1001,,,,,,,
Great Victoria Street / Hope Street,June,2015,3911,424,429,,,,,,,
Linenhall Street / Donegall Square South,June,2015,3928,476,444,,,,,,,
Millfield / Divis Street,June,2015,3920,316,272,,,,,,,
North Street / Waring Street,June,2015,3917,262,363,,,,,,,
Odyssey / Sydenham Road,June,2015,3921,1963,2006,,,,,,,
Royal Avenue / Castlecourt,June,2015,3925,381,368,,,,,,,
Smithfield / Winetavern Street,June,2015,3913,181,175,,,,,,,
St George's Market / Cromac Square,June,2015,3906,506,512,,,,,,,
Victoria Square / Victoria Street,June,2015,3903,520,537,,,,,,,
Waterfront,June,2015,3908,905,954,,,,,,,
Writer's Square / St Anne's Cathedral,June,2015,3931,293,284,,,,,,,
Alfred Street / St Malachy's Church,July,2015,3923,847,820,,,,,,,
Arthur Street / Chichester Street,July,2015,3929,955,1010,,,,,,,
Bankmore Square / Dublin Road,July,2015,3918,623,650,,,,,,,
Botanic Avenue / Shaftesbury Square,July,2015,3909,1222,1234,,,,,,,
Bradbury Place,July,2015,3924,1222,1090,,,,,,,
Carrick Hill/St Patricks Church,July,2015,3915,260,236,,,,,,,
Castle Place / Royal Avenue,July,2015,3912,771,831,,,,,,,
Cathedral Gardens / York Street,July,2015,3914,314,310,,,,,,,
Central Station / East Bridge Street,July,2015,3930,553,518,,,,,,,
Central Station / Mays Meadow,July,2015,3905,1088,945,,,,,,,
City Hall,July,2015,3902,956,928,,,,,,,
College Square East,July,2015,3919,200,181,,,,,,,
Corporation Square,July,2015,3922,818,890,,,,,,,
Cotton Court / Waring Street,July,2015,3926,355,353,,,,,,,
Donegall Quay,July,2015,3904,912,861,,,,,,,
Dunbar Link / Gordon Street,July,2015,3916,209,206,,,,,,,
Europa Bus Station / Blackstaff Square,July,2015,3910,578,628,,,,,,,
Gasworks (Cromac Street),July,2015,3907,884,879,,,,,,,
Gasworks (Lagan Towpath),July,2015,3927,940,1024,,,,,,,
Great Victoria Street / Hope Street,July,2015,3911,479,448,,,,,,,
Linenhall Street / Donegall Square South,July,2015,3928,425,391,,,,,,,
Millfield / Divis Street,July,2015,3920,314,290,,,,,,,
North Street / Waring Street,July,2015,3917,310,377,,,,,,,
Odyssey / Sydenham Road,July,2015,3921,1975,1991,,,,,,,
Royal Avenue / Castlecourt,July,2015,3925,294,362,,,,,,,
Smithfield / Winetavern Street,July,2015,3913,164,130,,,,,,,
St George's Market / Cromac Square,July,2015,3906,446,435,,,,,,,
Victoria Square / Victoria Street,July,2015,3903,455,526,,,,,,,
Waterfront,July,2015,3908,906,913,,,,,,,
Writer's Square / St Anne's Cathedral,July,2015,3931,288,289,,,,,,,
Alfred Street / St Malachy's Church,August,2015,3923,749,728,,,,,,,
Arthur Street / Chichester Street,August,2015,3929,878,906,,,,,,,
Bankmore Square / Dublin Road,August,2015,3918,602,584,,,,,,,
Botanic Avenue / Shaftesbury Square,August,2015,3909,1148,1125,,,,,,,
Bradbury Place,August,2015,3924,1026,967,,,,,,,
Carrick Hill/St Patricks Church,August,2015,3915,281,241,,,,,,,
Castle Place / Royal Avenue,August,2015,3912,742,838,,,,,,,
Cathedral Gardens / York Street,August,2015,3914,280,262,,,,,,,
Central Station / East Bridge Street,August,2015,3930,398,395,,,,,,,
Central Station / Mays Meadow,August,2015,3905,952,867,,,,,,,
City Hall,August,2015,3902,830,855,,,,,,,
College Square East,August,2015,3919,256,193,,,,,,,
Corporation Square,August,2015,3922,838,838,,,,,,,
Cotton Court / Waring Street,August,2015,3926,265,297,,,,,,,
Donegall Quay,August,2015,3904,895,865,,,,,,,
Dunbar Link / Gordon Street,August,2015,3916,260,274,,,,,,,
Europa Bus Station / Blackstaff Square,August,2015,3910,505,557,,,,,,,
Gasworks (Cromac Street),August,2015,3907,837,785,,,,,,,
Gasworks (Lagan Towpath),August,2015,3927,812,889,,,,,,,
Great Victoria Street / Hope Street,August,2015,3911,424,404,,,,,,,
Linenhall Street / Donegall Square South,August,2015,3928,386,366,,,,,,,
Millfield / Divis Street,August,2015,3920,286,249,,,,,,,
North Street / Waring Street,August,2015,3917,290,356,,,,,,,
Odyssey / Sydenham Road,August,2015,3921,1870,1855,,,,,,,
Royal Avenue / Castlecourt,August,2015,3925,307,352,,,,,,,
Smithfield / Winetavern Street,August,2015,3913,148,147,,,,,,,
St George's Market / Cromac Square,August,2015,3906,435,439,,,,,,,
Victoria Square / Victoria Street,August,2015,3903,468,475,,,,,,,
Waterfront,August,2015,3908,789,814,,,,,,,
Writer's Square / St Anne's Cathedral,August,2015,3931,292,300,,,,,,,
Alfred Street / St Malachy's Church,September,2015,3923,907,886,,,,,,,
Arthur Street / Chichester Street,September,2015,3929,886,909,,,,,,,
Bankmore Square / Dublin Road,September,2015,3918,730,658,,,,,,,
Botanic Avenue / Shaftesbury Square,September,2015,3909,1122,1196,,,,,,,
Bradbury Place,September,2015,3924,1097,1031,,,,,,,
Carrick Hill/St Patricks Church,September,2015,3915,308,249,,,,,,,
Castle Place / Royal Avenue,September,2015,3912,864,912,,,,,,,
Cathedral Gardens / York Street,September,2015,3914,430,363,,,,,,,
Central Station / East Bridge Street,September,2015,3930,301,225,,,,,,,
Central Station / Mays Meadow,September,2015,3905,1098,1082,,,,,,,
City Hall,September,2015,3902,960,942,,,,,,,
College Square East,September,2015,3919,270,216,,,,,,,
Corporation Square,September,2015,3922,859,906,,,,,,,
Cotton Court / Waring Street,September,2015,3926,299,329,,,,,,,
Donegall Quay,September,2015,3904,863,861,,,,,,,
Dunbar Link / Gordon Street,September,2015,3916,305,323,,,,,,,
Europa Bus Station / Blackstaff Square,September,2015,3910,589,650,,,,,,,
Gasworks (Cromac Street),September,2015,3907,931,866,,,,,,,
Gasworks (Lagan Towpath),September,2015,3927,945,955,,,,,,,
Great Victoria Street / Hope Street,September,2015,3911,392,365,,,,,,,
Linenhall Street / Donegall Square South,September,2015,3928,398,391,,,,,,,
Millfield / Divis Street,September,2015,3920,277,235,,,,,,,
North Street / Waring Street,September,2015,3917,368,421,,,,,,,
Odyssey / Sydenham Road,September,2015,3921,1899,1885,,,,,,,
Royal Avenue / Castlecourt,September,2015,3925,337,384,,,,,,,
Smithfield / Winetavern Street,September,2015,3913,164,136,,,,,,,
St George's Market / Cromac Square,September,2015,3906,551,587,,,,,,,
Victoria Square / Victoria Street,September,2015,3903,478,524,,,,,,,
Waterfront,September,2015,3908,888,1009,,,,,,,
Writer's Square / St Anne's Cathedral,September,2015,3931,283,286,,,,,,,
Alfred Street / St Malachy's Church,October,2015,3923,881,838,,,,,,,
Arthur Street / Chichester Street,October,2015,3929,909,979,,,,,,,
Bankmore Square / Dublin Road,October,2015,3918,683,645,,,,,,,
Botanic Avenue / Shaftesbury Square,October,2015,3909,1255,1326,,,,,,,
Bradbury Place,October,2015,3924,1128,1056,,,,,,,
Carrick Hill/St Patricks Church,October,2015,3915,268,245,,,,,,,
Castle Place / Royal Avenue,October,2015,3912,894,934,,,,,,,
Cathedral Gardens / York Street,October,2015,3914,446,402,,,,,,,
Central Station / East Bridge Street,October,2015,3930,426,394,,,,,,,
Central Station / Mays Meadow,October,2015,3905,1015,1020,,,,,,,
City Hall,October,2015,3902,885,885,,,,,,,
College Square East,October,2015,3919,232,194,,,,,,,
Corporation Square,October,2015,3922,796,782,,,,,,,
Cotton Court / Waring Street,October,2015,3926,294,294,,,,,,,
Donegall Quay,October,2015,3904,783,853,,,,,,,
Dunbar Link / Gordon Street,October,2015,3916,243,260,,,,,,,
Europa Bus Station / Blackstaff Square,October,2015,3910,527,598,,,,,,,
Gasworks (Cromac Street),October,2015,3907,807,745,,,,,,,
Gasworks (Lagan Towpath),October,2015,3927,872,941,,,,,,,
Great Victoria Street / Hope Street,October,2015,3911,328,345,,,,,,,
Linenhall Street / Donegall Square South,October,2015,3928,395,332,,,,,,,
Millfield / Divis Street,October,2015,3920,291,251,,,,,,,
North Street / Waring Street,October,2015,3917,280,319,,,,,,,
Odyssey / Sydenham Road,October,2015,3921,1744,1633,,,,,,,
Royal Avenue / Castlecourt,October,2015,3925,320,385,,,,,,,
Smithfield / Winetavern Street,October,2015,3913,138,101,,,,,,,
St George's Market / Cromac Square,October,2015,3906,411,391,,,,,,,
Victoria Square / Victoria Street,October,2015,3903,430,472,,,,,,,
Waterfront,October,2015,3908,819,879,,,,,,,
Writer's Square / St Anne's Cathedral,October,2015,3931,270,255,,,,,,,
Alfred Street / St Malachy's Church,November,2015,3923,644,611,,,,,,,
Arthur Street / Chichester Street,November,2015,3929,671,750,,,,,,,
Bankmore Square / Dublin Road,November,2015,3918,538,478,,,,,,,
Botanic Avenue / Shaftesbury Square,November,2015,3909,878,863,,,,,,,
Bradbury Place,November,2015,3924,809,710,,,,,,,
Carrick Hill/St Patricks Church,November,2015,3915,244,209,,,,,,,
Castle Place / Royal Avenue,November,2015,3912,665,701,,,,,,,
Cathedral Gardens / York Street,November,2015,3914,416,367,,,,,,,
Central Station / East Bridge Street,November,2015,3930,272,343,,,,,,,
Central Station / Mays Meadow,November,2015,3905,869,836,,,,,,,
City Hall,November,2015,3902,733,732,,,,,,,
College Square East,November,2015,3919,157,143,,,,,,,
Corporation Square,November,2015,3922,763,739,,,,,,,
Cotton Court / Waring Street,November,2015,3926,205,222,,,,,,,
Donegall Quay,November,2015,3904,693,662,,,,,,,
Dunbar Link / Gordon Street,November,2015,3916,191,235,,,,,,,
Europa Bus Station / Blackstaff Square,November,2015,3910,447,465,,,,,,,
Gasworks (Cromac Street),November,2015,3907,682,592,,,,,,,
Gasworks (Lagan Towpath),November,2015,3927,626,708,,,,,,,
Great Victoria Street / Hope Street,November,2015,3911,198,239,,,,,,,
Linenhall Street / Donegall Square South,November,2015,3928,316,281,,,,,,,
Millfield / Divis Street,November,2015,3920,164,184,,,,,,,
North Street / Waring Street,November,2015,3917,195,260,,,,,,,
Odyssey / Sydenham Road,November,2015,3921,1485,1475,,,,,,,
Queens University / Botanic Gardens ,November,2015,3934,22,19,,,,,,,
Queens University / University Road ,November,2015,3933,462,444,,,,,,,
Royal Avenue / Castlecourt,November,2015,3925,267,281,,,,,,,
Smithfield / Winetavern Street,November,2015,3913,117,84,,,,,,,
St George's Market / Cromac Square,November,2015,3906,330,315,,,,,,,
Titanic Belfast Met,November,2015,3932,0,0,,,,,,,
Victoria Square / Victoria Street,November,2015,3903,338,368,,,,,,,
Waterfront,November,2015,3908,664,749,,,,,,,
Writer's Square / St Anne's Cathedral,November,2015,3931,198,187,,,,,,,
Alfred Street / St Malachy's Church,December,2015,3923,533,525,,,,,,,
Arthur Street / Chichester Street,December,2015,3929,620,750,,,,,,,
Bankmore Square / Dublin Road,December,2015,3918,459,431,,,,,,,
Botanic Avenue / Shaftesbury Square,December,2015,3909,703,606,,,,,,,
Bradbury Place,December,2015,3924,544,401,,,,,,,
Carrick Hill/St Patricks Church,December,2015,3915,207,144,,,,,,,
Castle Place / Royal Avenue,December,2015,3912,567,638,,,,,,,
Cathedral Gardens / York Street,December,2015,3914,253,274,,,,,,,
Central Station / East Bridge Street,December,2015,3930,234,252,,,,,,,
Central Station / Mays Meadow,December,2015,3905,665,636,,,,,,,
City Hall,December,2015,3902,665,731,,,,,,,
College Square East,December,2015,3919,120,117,,,,,,,
Corporation Square,December,2015,3922,569,592,,,,,,,
Cotton Court / Waring Street,December,2015,3926,161,184,,,,,,,
Donegall Quay,December,2015,3904,585,523,,,,,,,
Dunbar Link / Gordon Street,December,2015,3916,124,155,,,,,,,
Europa Bus Station / Blackstaff Square,December,2015,3910,348,359,,,,,,,
Gasworks (Cromac Street),December,2015,3907,556,485,,,,,,,
Gasworks (Lagan Towpath),December,2015,3927,509,580,,,,,,,
Great Victoria Street / Hope Street,December,2015,3911,225,235,,,,,,,
Linenhall Street / Donegall Square South,December,2015,3928,276,252,,,,,,,
Millfield / Divis Street,December,2015,3920,121,117,,,,,,,
North Street / Waring Street,December,2015,3917,158,206,,,,,,,
Odyssey / Sydenham Road,December,2015,3921,971,883,,,,,,,
Queens University / Botanic Gardens ,December,2015,3934,341,335,,,,,,,
Queens University / University Road ,December,2015,3933,544,456,,,,,,,
Royal Avenue / Castlecourt,December,2015,3925,192,235,,,,,,,
Smithfield / Winetavern Street,December,2015,3913,92,57,,,,,,,
St George's Market / Cromac Square,December,2015,3906,230,250,,,,,,,
Titanic Belfast Met,December,2015,3932,459,542,,,,,,,
Victoria Square / Victoria Street,December,2015,3903,313,364,,,,,,,
Waterfront,December,2015,3908,513,529,,,,,,,
Writer's Square / St Anne's Cathedral,December,2015,3931,155,167,,,,,,,
Alfred Street / St Malachy's Church,January ,2016,3923,587,567,,,,,,,
Arthur Street / Chichester Street,January ,2016,3929,489,595,,,,,,,
Bankmore Square / Dublin Road,January,2016,3918,410,357,,,,,,,
Botanic Avenue / Shaftesbury Square,January,2016,3909,600,608,,,,,,,
Bradbury Place,January,2016,3924,433,363,,,,,,,
Carrick Hill/St Patricks Church,January,2016,3915,201,154,,,,,,,
Castle Place / Royal Avenue,January,2016,3912,515,545,,,,,,,
Cathedral Gardens / York Street,January,2016,3914,263,264,,,,,,,
Central Station / East Bridge Street,January,2016,3930,279,330,,,,,,,
Central Station / Mays Meadow,January,2016,3905,677,637,,,,,,,
City Hall,January,2016,3902,557,525,,,,,,,
College Square East,January,2016,3919,115,86,,,,,,,
Corporation Square,January,2016,3922,526,554,,,,,,,
Cotton Court / Waring Street,January,2016,3926,171,174,,,,,,,
Donegall Quay,January,2016,3904,460,455,,,,,,,
Dunbar Link / Gordon Street,January,2016,3916,141,182,,,,,,,
Europa Bus Station / Blackstaff Square,January,2016,3910,395,418,,,,,,,
Gasworks (Cromac Street),January,2016,3907,488,442,,,,,,,
Gasworks (Lagan Towpath),January,2016,3927,538,581,,,,,,,
Great Victoria Street / Hope Street,January,2016,3911,241,272,,,,,,,
Linenhall Street / Donegall Square South,January,2016,3928,248,219,,,,,,,
Millfield / Divis Street,January,2016,3920,127,127,,,,,,,
North Street / Waring Street,January,2016,3917,126,181,,,,,,,
Odyssey / Sydenham Road,January,2016,3921,745,683,,,,,,,
Queens University / Botanic Gardens ,January,2016,3934,303,288,,,,,,,
Queens University / University Road ,January,2016,3933,562,514,,,,,,,
Royal Avenue / Castlecourt,January,2016,3925,199,232,,,,,,,
Smithfield / Winetavern Street,January,2016,3913,93,54,,,,,,,
St George's Market / Cromac Square,January,2016,3906,217,236,,,,,,,
Titanic Belfast Met,January,2016,3932,541,547,,,,,,,
Victoria Square / Victoria Street,January,2016,3903,256,297,,,,,,,
Waterfront,January,2016,3908,443,468,,,,,,,
Writer's Square / St Anne's Cathedral,January,2016,3931,160,142,,,,,,,
Alfred Street / St Malachy's Church,February,2016,3923,656,646,,,,,,,
Arthur Street / Chichester Street,February,2016,3929,526,586,,,,,,,
Bankmore Square / Dublin Road,February,2016,3918,515,450,,,,,,,
Botanic Avenue / Shaftesbury Square,February,2016,3909,640,633,,,,,,,
Bradbury Place,February,2016,3924,574,535,,,,,,,
Carrick Hill/St Patricks Church,February,2016,3915,240,177,,,,,,,
Castle Place / Royal Avenue,February,2016,3912,630,676,,,,,,,
Cathedral Gardens / York Street,February,2016,3914,345,288,,,,,,,
Central Station / East Bridge Street,February,2016,3930,368,362,,,,,,,
Central Station / Mays Meadow,February,2016,3905,747,677,,,,,,,
City Hall,February,2016,3902,627,561,,,,,,,
College Square East,February,2016,3919,140,110,,,,,,,
Corporation Square,February,2016,3922,518,608,,,,,,,
Cotton Court / Waring Street,February,2016,3926,170,196,,,,,,,
Donegall Quay,February,2016,3904,584,577,,,,,,,
Dunbar Link / Gordon Street,February,2016,3916,124,130,,,,,,,
Europa Bus Station / Blackstaff Square,February,2016,3910,459,491,,,,,,,
Gasworks (Cromac Street),February,2016,3907,561,497,,,,,,,
Gasworks (Lagan Towpath),February,2016,3927,568,627,,,,,,,
Great Victoria Street / Hope Street,February,2016,3911,277,342,,,,,,,
Linenhall Street / Donegall Square South,February,2016,3928,283,231,,,,,,,
Millfield / Divis Street,February,2016,3920,129,135,,,,,,,
North Street / Waring Street,February,2016,3917,118,166,,,,,,,
Odyssey / Sydenham Road,February,2016,3921,783,689,,,,,,,
Queens University / Botanic Gardens ,February,2016,3934,358,383,,,,,,,
Queens University / University Road ,February,2016,3933,714,682,,,,,,,
Royal Avenue / Castlecourt,February,2016,3925,209,249,,,,,,,
Smithfield / Winetavern Street,February,2016,3913,92,63,,,,,,,
St George's Market / Cromac Square,February,2016,3906,273,297,,,,,,,
Titanic Belfast Met,February,2016,3932,618,727,,,,,,,
Victoria Square / Victoria Street,February,2016,3903,283,320,,,,,,,
Waterfront,February,2016,3908,533,526,,,,,,,
Writer's Square / St Anne's Cathedral,February,2016,3931,199,210,,,,,,,
Alfred Street / St Malachy's Church,March,2016,3923,711,645,,,,,,,
Arthur Street / Chichester Street,March,2016,3929,590,680,,,,,,,
Bankmore Square / Dublin Road,March,2016,3918,582,522,,,,,,,
Botanic Avenue / Shaftesbury Square,March,2016,3909,759,716,,,,,,,
Bradbury Place,March,2016,3924,712,618,,,,,,,
Carrick Hill/St Patricks Church,March,2016,3915,346,265,,,,,,,
Castle Place / Royal Avenue,March,2016,3912,708,756,,,,,,,
Cathedral Gardens / York Street,March,2016,3914,321,281,,,,,,,
Central Station / East Bridge Street,March,2016,3930,367,360,,,,,,,
Central Station / Mays Meadow,March,2016,3905,832,750,,,,,,,
City Hall,March,2016,3902,662,696,,,,,,,
College Square East,March,2016,3919,123,133,,,,,,,
Corporation Square,March,2016,3922,608,662,,,,,,,
Cotton Court / Waring Street,March,2016,3926,216,277,,,,,,,
Donegall Quay,March,2016,3904,31,36,,,,,,,
Dunbar Link / Gordon Street,March,2016,3916,202,246,,,,,,,
Europa Bus Station / Blackstaff Square,March,2016,3910,445,516,,,,,,,
Gasworks (Cromac Street),March,2016,3907,581,486,,,,,,,
Gasworks (Lagan Towpath),March,2016,3927,612,665,,,,,,,
Great Victoria Street / Hope Street,March,2016,3911,288,344,,,,,,,
Linenhall Street / Donegall Square South,March,2016,3928,288,278,,,,,,,
Millfield / Divis Street,March,2016,3920,172,144,,,,,,,
North Street / Waring Street,March,2016,3917,191,270,,,,,,,
Odyssey / Sydenham Road,March,2016,3921,940,776,,,,,,,
Queens University / Botanic Gardens ,March,2016,3934,512,555,,,,,,,
Queens University / University Road ,March,2016,3933,645,571,,,,,,,
Royal Avenue / Castlecourt,March,2016,3925,217,284,,,,,,,
Smithfield / Winetavern Street,March,2016,3913,99,79,,,,,,,
St George's Market / Cromac Square,March,2016,3906,273,269,,,,,,,
Titanic Belfast Met,March,2016,3932,745,811,,,,,,,
Victoria Square / Victoria Street,March,2016,3903,387,458,,,,,,,
Waterfront,March,2016,3908,585,569,,,,,,,
Writer's Square / St Anne's Cathedral,March,2016,3931,201,214,,,,,,,
Alfred Street / St Malachy's Church,April,2016,3923,739,659,,,,,,,
Arthur Street / Chichester Street,April,2016,3929,621,675,,,,,,,
Bankmore Square / Dublin Road,April,2016,3918,576,554,,,,,,,
Botanic Avenue / Shaftesbury Square,April,2016,3909,766,766,,,,,,,
Bradbury Place,April,2016,3924,601,534,,,,,,,
Carrick Hill/St Patricks Church,April,2016,3915,281,215,,,,,,,
Castle Place / Royal Avenue,April,2016,3912,641,754,,,,,,,
Cathedral Gardens / York Street,April,2016,3914,388,330,,,,,,,
Central Station / East Bridge Street,April,2016,3930,328,372,,,,,,,
Central Station / Mays Meadow,April,2016,3905,855,830,,,,,,,
City Hall,April,2016,3902,725,734,,,,,,,
College Square East,April,2016,3919,130,116,,,,,,,
Corporation Square,April,2016,3922,599,632,,,,,,,
Cotton Court / Waring Street,April,2016,3926,174,208,,,,,,,
Donegall Quay,April,2016,3904,577,528,,,,,,,
Dunbar Link / Gordon Street,April,2016,3916,222,236,,,,,,,
Europa Bus Station / Blackstaff Square,April,2016,3910,518,577,,,,,,,
Gasworks (Cromac Street),April,2016,3907,631,534,,,,,,,
Gasworks (Lagan Towpath),April,2016,3927,710,747,,,,,,,
Great Victoria Street / Hope Street,April,2016,3911,332,389,,,,,,,
Linenhall Street / Donegall Square South,April,2016,3928,271,238,,,,,,,
Millfield / Divis Street,April,2016,3920,169,148,,,,,,,
North Street / Waring Street,April,2016,3917,176,247,,,,,,,
Odyssey / Sydenham Road,April,2016,3921,859,785,,,,,,,
Queens University / Botanic Gardens ,April,2016,3934,455,485,,,,,,,
Queens University / University Road ,April,2016,3933,704,619,,,,,,,
Royal Avenue / Castlecourt,April,2016,3925,226,262,,,,,,,
Smithfield / Winetavern Street,April,2016,3913,93,87,,,,,,,
St George's Market / Cromac Square,April,2016,3906,251,230,,,,,,,
Titanic Belfast Met,April,2016,3932,774,830,,,,,,,
Victoria Square / Victoria Street,April,2016,3903,352,403,,,,,,,
Waterfront,April,2016,3908,662,652,,,,,,,
Writer's Square / St Anne's Cathedral,April,2016,3931,164,171,,,,,,,
Alfred Street / St Malachy's Church,May,2016,3923,914,895,,,,,,,
Arthur Street / Chichester Street,May,2016,3929,839,926,,,,,,,
Bankmore Square / Dublin Road,May,2016,3918,780,734,,,,,,,
Botanic Avenue / Shaftesbury Square,May,2016,3909,885,888,,,,,,,
Bradbury Place,May,2016,3924,698,603,,,,,,,
Carrick Hill/St Patricks Church,May,2016,3915,366,309,,,,,,,
Castle Place / Royal Avenue,May,2016,3912,800,923,,,,,,,
Cathedral Gardens / York Street,May,2016,3914,470,375,,,,,,,
Central Station / East Bridge Street,May,2016,3930,432,388,,,,,,,
Central Station / Mays Meadow,May,2016,3905,962,1033,,,,,,,
City Hall,May,2016,3902,941,871,,,,,,,
College Square East,May,2016,3919,184,167,,,,,,,
Corporation Square,May,2016,3922,748,774,,,,,,,
Cotton Court / Waring Street,May,2016,3926,259,256,,,,,,,
Donegall Quay,May,2016,3904,952,918,,,,,,,
Dunbar Link / Gordon Street,May,2016,3916,252,276,,,,,,,
Europa Bus Station / Blackstaff Square,May,2016,3910,590,675,,,,,,,
Gasworks (Cromac Street),May,2016,3907,775,710,,,,,,,
Gasworks (Lagan Towpath),May,2016,3927,841,847,,,,,,,
Great Victoria Street / Hope Street,May,2016,3911,451,463,,,,,,,
Linenhall Street / Donegall Square South,May,2016,3928,434,395,,,,,,,
Millfield / Divis Street,May,2016,3920,229,190,,,,,,,
North Street / Waring Street,May,2016,3917,278,296,,,,,,,
Odyssey / Sydenham Road,May,2016,3921,1184,1157,,,,,,,
Queens University / Botanic Gardens ,May,2016,3934,868,965,,,,,,,
Queens University / University Road ,May,2016,3933,893,869,,,,,,,
Royal Avenue / Castlecourt,May,2016,3925,285,328,,,,,,,
Smithfield / Winetavern Street,May,2016,3913,140,116,,,,,,,
St George's Market / Cromac Square,May,2016,3906,334,328,,,,,,,
Titanic Belfast Met,May,2016,3932,1230,1263,,,,,,,
Victoria Square / Victoria Street,May,2016,3903,437,476,,,,,,,
Waterfront,May,2016,3908,777,822,,,,,,,
Writer's Square / St Anne's Cathedral,May,2016,3931,272,243,,,,,,,
Alfred Street / St Malachy's Church,June,2016,3923,1004,861,,,,,,,
Arthur Street / Chichester Street,June,2016,3929,880,896,,,,,,,
Bankmore Square / Dublin Road,June,2016,3918,824,752,,,,,,,
Botanic Avenue / Shaftesbury Square,June,2016,3909,650,687,,,,,,,
Bradbury Place,June,2016,3924,724,680,,,,,,,
Carrick Hill/St Patricks Church,June,2016,3915,313,276,,,,,,,
Castle Place / Royal Avenue,June,2016,3912,833,998,,,,,,,
Cathedral Gardens / York Street,June,2016,3914,415,350,,,,,,,
Central Station / East Bridge Street,June,2016,3930,265,358,,,,,,,
Central Station / Mays Meadow,June,2016,3905,943,1106,,,,,,,
City Hall,June,2016,3902,962,871,,,,,,,
College Square East,June,2016,3919,183,173,,,,,,,
Corporation Square,June,2016,3922,723,710,,,,,,,
Cotton Court / Waring Street,June,2016,3926,238,247,,,,,,,
Donegall Quay,June,2016,3904,1017,933,,,,,,,
Dunbar Link / Gordon Street,June,2016,3916,216,208,,,,,,,
Europa Bus Station / Blackstaff Square,June,2016,3910,625,714,,,,,,,
Gasworks (Cromac Street),June,2016,3907,852,733,,,,,,,
Gasworks (Lagan Towpath),June,2016,3927,915,960,,,,,,,
Great Victoria Street / Hope Street,June,2016,3911,525,562,,,,,,,
Linenhall Street / Donegall Square South,June,2016,3928,429,362,,,,,,,
Millfield / Divis Street,June,2016,3920,235,219,,,,,,,
North Street / Waring Street,June,2016,3917,234,332,,,,,,,
Odyssey / Sydenham Road,June,2016,3921,1203,1139,,,,,,,
Queens University / Botanic Gardens ,June,2016,3934,756,835,,,,,,,
Queens University / University Road ,June,2016,3933,928,909,,,,,,,
Royal Avenue / Castlecourt,June,2016,3925,294,321,,,,,,,
Smithfield / Winetavern Street,June,2016,3913,130,103,,,,,,,
St George's Market / Cromac Square,June,2016,3906,347,337,,,,,,,
Titanic Belfast Met,June,2016,3932,1258,1258,,,,,,,
Victoria Square / Victoria Street,June,2016,3903,424,442,,,,,,,
Waterfront,June,2016,3908,788,815,,,,,,,
Writer's Square / St Anne's Cathedral,June,2016,3931,196,179,,,,,,,
Alfred Street / St Malachy's Church,July,2016,3923,791,699,,,,,,,
Arthur Street / Chichester Street,July,2016,3929,750,802,,,,,,,
Bankmore Square / Dublin Road,July,2016,3918,609,566,,,,,,,
Belfast City Hospital Lisburn Rd,July,2016,3935,27,18,,,,,,,
Botanic Avenue / Shaftesbury Square,July,2016,3909,759,735,,,,,,,
Bradbury Place,July,2016,3924,606,514,,,,,,,
Carrick Hill/St Patricks Church,July,2016,3915,221,206,,,,,,,
Castle Place / Royal Avenue,July,2016,3912,786,827,,,,,,,
Cathedral Gardens / York Street,July,2016,3914,309,289,,,,,,,
Central Station / East Bridge Street,July,2016,3930,205,227,,,,,,,
Central Station / Mays Meadow,July,2016,3905,739,876,,,,,,,
City Hall,July,2016,3902,805,831,,,,,,,
College Square East,July,2016,3919,178,152,,,,,,,
Corporation Square,July,2016,3922,649,651,,,,,,,
Cotton Court / Waring Street,July,2016,3926,210,240,,,,,,,
Donegall Quay,July,2016,3904,895,851,,,,,,,
Dunbar Link / Gordon Street,July,2016,3916,147,188,,,,,,,
Europa Bus Station / Blackstaff Square,July,2016,3910,530,566,,,,,,,
Gasworks (Cromac Street),July,2016,3907,606,475,,,,,,,
Gasworks (Lagan Towpath),July,2016,3927,800,833,,,,,,,
Great Victoria Street / Hope Street,July,2016,3911,458,455,,,,,,,
Linenhall Street / Donegall Square South,July,2016,3928,305,262,,,,,,,
Millfield / Divis Street,July,2016,3920,150,150,,,,,,,
North Street / Waring Street,July,2016,3917,219,260,,,,,,,
Odyssey / Sydenham Road,July,2016,3921,1086,981,,,,,,,
Queens University / Botanic Gardens ,July,2016,3934,624,701,,,,,,,
Queens University / University Road ,July,2016,3933,780,810,,,,,,,
Royal Avenue / Castlecourt,July,2016,3925,195,238,,,,,,,
Royal Victoria Hospital,July,2016,3936,1,0,,,,,,,
Smithfield / Winetavern Street,July,2016,3913,100,75,,,,,,,
St George's Market / Cromac Square,July,2016,3906,261,250,,,,,,,
Titanic Belfast Met,July,2016,3932,997,1050,,,,,,,
Victoria Square / Victoria Street,July,2016,3903,406,425,,,,,,,
Waterfront,July,2016,3908,571,573,,,,,,,
Writer's Square / St Anne's Cathedral,July,2016,3931,158,146,,,,,,,
Alfred Street / St Malachy's Church,August,2016,3923,950,852,,,,,,,
Arthur Street / Chichester Street,August,2016,3929,841,958,,,,,,,
Bankmore Square / Dublin Road,August,2016,3918,698,705,,,,,,,
Belfast City Hospital Lisburn Rd,August,2016,3935,663,602,,,,,,,
Botanic Avenue / Shaftesbury Square,August,2016,3909,850,859,,,,,,,
Bradbury Place,August,2016,3924,563,449,,,,,,,
Carrick Hill/St Patricks Church,August,2016,3915,330,243,,,,,,,
Castle Place / Royal Avenue,August,2016,3912,1022,1063,,,,,,,
Cathedral Gardens / York Street,August,2016,3914,306,259,,,,,,,
Central Station / East Bridge Street,August,2016,3930,290,321,,,,,,,
Central Station / Mays Meadow,August,2016,3905,755,959,,,,,,,
City Hall,August,2016,3902,1017,1021,,,,,,,
College Square East,August,2016,3919,186,180,,,,,,,
Corporation Square,August,2016,3922,866,882,,,,,,,
Cotton Court / Waring Street,August,2016,3926,330,351,,,,,,,
Donegall Quay,August,2016,3904,1163,1084,,,,,,,
Dunbar Link / Gordon Street,August,2016,3916,222,244,,,,,,,
Europa Bus Station / Blackstaff Square,August,2016,3910,593,663,,,,,,,
Gasworks (Cromac Street),August,2016,3907,772,629,,,,,,,
Gasworks (Lagan Towpath),August,2016,3927,919,938,,,,,,,
Great Victoria Street / Hope Street,August,2016,3911,572,559,,,,,,,
Linenhall Street / Donegall Square South,August,2016,3928,422,379,,,,,,,
Millfield / Divis Street,August,2016,3920,167,156,,,,,,,
North Street / Waring Street,August,2016,3917,244,313,,,,,,,
Odyssey / Sydenham Road,August,2016,3921,1403,1294,,,,,,,
Queens University / Botanic Gardens ,August,2016,3934,798,824,,,,,,,
Queens University / University Road ,August,2016,3933,776,798,,,,,,,
Royal Avenue / Castlecourt,August,2016,3925,325,349,,,,,,,
Royal Victoria Hospital,August,2016,3936,140,138,,,,,,,
Smithfield / Winetavern Street,August,2016,3913,155,131,,,,,,,
St George's Market / Cromac Square,August,2016,3906,366,335,,,,,,,
Titanic Belfast Met,August,2016,3932,1267,1357,,,,,,,
Victoria Square / Victoria Street,August,2016,3903,421,425,,,,,,,
Waterfront,August,2016,3908,729,721,,,,,,,
Writer's Square / St Anne's Cathedral,August,2016,3931,187,193,,,,,,,
Alfred Street / St Malachy's Church,September,2016,3923,986,920,,,,,,,
Arthur Street / Chichester Street,September,2016,3929,933,1016,,,,,,,
Bankmore Square / Dublin Road,September,2016,3918,760,694,,,,,,,
Belfast City Hospital Lisburn Rd,September,2016,3935,620,608,,,,,,,
Botanic Avenue / Shaftesbury Square,September,2016,3909,991,987,,,,,,,
Bradbury Place,September,2016,3924,528,382,,,,,,,
Carrick Hill/St Patricks Church,September,2016,3915,269,257,,,,,,,
Castle Place / Royal Avenue,September,2016,3912,933,1027,,,,,,,
Cathedral Gardens / York Street,September,2016,3914,390,372,,,,,,,
Central Station / East Bridge Street,September,2016,3930,249,353,,,,,,,
Central Station / Mays Meadow,September,2016,3905,654,862,,,,,,,
City Hall,September,2016,3902,945,895,,,,,,,
College Square East,September,2016,3919,223,219,,,,,,,
Corporation Square,September,2016,3922,878,918,,,,,,,
Cotton Court / Waring Street,September,2016,3926,264,297,,,,,,,
Donegall Quay,September,2016,3904,1157,1089,,,,,,,
Dunbar Link / Gordon Street,September,2016,3916,206,213,,,,,,,
Europa Bus Station / Blackstaff Square,September,2016,3910,640,693,,,,,,,
Gasworks (Cromac Street),September,2016,3907,747,669,,,,,,,
Gasworks (Lagan Towpath),September,2016,3927,957,1002,,,,,,,
Great Victoria Street / Hope Street,September,2016,3911,540,565,,,,,,,
Linenhall Street / Donegall Square South,September,2016,3928,471,429,,,,,,,
Mater Hospital/Crumlin Road,September,2016,3937,50,45,,,,,,,
Millfield / Divis Street,September,2016,3920,243,191,,,,,,,
North Street / Waring Street,September,2016,3917,255,289,,,,,,,
Odyssey / Sydenham Road,September,2016,3921,1232,1091,,,,,,,
Queens University / Botanic Gardens ,September,2016,3934,691,726,,,,,,,
Queens University / University Road ,September,2016,3933,784,736,,,,,,,
Royal Avenue / Castlecourt,September,2016,3925,300,328,,,,,,,
Royal Victoria Hospital,September,2016,3936,140,135,,,,,,,
Smithfield / Winetavern Street,September,2016,3913,121,96,,,,,,,
St George's Market / Cromac Square,September,2016,3906,396,375,,,,,,,
Titanic Belfast Met,September,2016,3932,1335,1366,,,,,,,
Victoria Square / Victoria Street,September,2016,3903,501,526,,,,,,,
Waterfront,September,2016,3908,788,765,,,,,,,
Writer's Square / St Anne's Cathedral,September,2016,3931,227,207,,,,,,,
Alfred Street / St Malachy's Church,October,2016,3923,973,901,,,,,,,
Antrim Road / Duncairn Centre,October,2016,3943,53,30,,,,,,,
Arthur Street / Chichester Street,October,2016,3929,965,1056,,,,,,,
Bankmore Square / Dublin Road,October,2016,3918,668,619,,,,,,,
Belfast City Hospital Lisburn Rd,October,2016,3935,597,546,,,,,,,
Botanic Avenue / Shaftesbury Square,October,2016,3909,927,900,,,,,,,
Bradbury Place,October,2016,3924,579,450,,,,,,,
Carrick Hill/St Patricks Church,October,2016,3915,311,254,,,,,,,
Castle Place / Royal Avenue,October,2016,3912,874,981,,,,,,,
Cathedral Gardens / York Street,October,2016,3914,480,449,,,,,,,
Central Station / East Bridge Street,October,2016,3930,245,345,,,,,,,
Central Station / Mays Meadow,October,2016,3905,638,854,,,,,,,
City Hall,October,2016,3902,1019,961,,,,,,,
College Square East,October,2016,3919,350,334,,,,,,,
Corporation Square,October,2016,3922,854,914,,,,,,,
Cotton Court / Waring Street,October,2016,3926,285,295,,,,,,,
Donegall Quay,October,2016,3904,1083,1009,,,,,,,
Dunbar Link / Gordon Street,October,2016,3916,209,209,,,,,,,
Europa Bus Station / Blackstaff Square,October,2016,3910,642,696,,,,,,,
Gasworks (Cromac Street),October,2016,3907,725,603,,,,,,,
Gasworks (Lagan Towpath),October,2016,3927,907,1007,,,,,,,
Girdwood Community Hub/ Cliftonville Park Avenue,October,2016,3942,1,2,,,,,,,
Great Victoria Street / Hope Street,October,2016,3911,586,638,,,,,,,
Linenhall Street / Donegall Square South,October,2016,3928,468,484,,,,,,,
Mater Hospital/Crumlin Road,October,2016,3937,55,44,,,,,,,
Millfield / Divis Street,October,2016,3920,228,211,,,,,,,
North Street / Waring Street,October,2016,3917,228,274,,,,,,,
Odyssey / Sydenham Road,October,2016,3921,1300,1162,,,,,,,
Queens University / Botanic Gardens ,October,2016,3934,764,794,,,,,,,
Queens University / University Road ,October,2016,3933,811,807,,,,,,,
Royal Avenue / Castlecourt,October,2016,3925,347,331,,,,,,,
Royal Victoria Hospital,October,2016,3936,128,137,,,,,,,
Shankill Leisure Centre/ Shankill Road,October,2016,3938,39,35,,,,,,,
Smithfield / Winetavern Street,October,2016,3913,146,89,,,,,,,
St George's Market / Cromac Square,October,2016,3906,377,345,,,,,,,
Titanic Belfast Met,October,2016,3932,1261,1293,,,,,,,
Victoria Square / Victoria Street,October,2016,3903,446,465,,,,,,,
Waterfront,October,2016,3908,760,751,,,,,,,
Writer's Square / St Anne's Cathedral,October,2016,3931,191,176,,,,,,,
Alfred Street / St Malachy's Church,November,2016,3923,756,700,,,,,,,
Antrim Road / Duncairn Centre,November,2016,3943,81,68,,,,,,,
Arthur Street / Chichester Street,November,2016,3929,814,900,,,,,,,
Bankmore Square / Dublin Road,November,2016,3918,628,545,,,,,,,
Belfast City Hospital Lisburn Rd,November,2016,3935,561,535,,,,,,,
Botanic Avenue / Shaftesbury Square,November,2016,3909,750,720,,,,,,,
Bradbury Place,November,2016,3924,462,325,,,,,,,
Carrick Hill/St Patricks Church,November,2016,3915,235,185,,,,,,,
Castle Place / Royal Avenue,November,2016,3912,754,856,,,,,,,
Cathedral Gardens / York Street,November,2016,3914,371,329,,,,,,,
Central Station / East Bridge Street,November,2016,3930,277,384,,,,,,,
Central Station / Mays Meadow,November,2016,3905,677,808,,,,,,,
City Hall,November,2016,3902,850,876,,,,,,,
College Square East,November,2016,3919,392,335,,,,,,,
Corporation Square,November,2016,3922,874,902,,,,,,,
Cotton Court / Waring Street,November,2016,3926,213,228,,,,,,,
CS Lewis Square,November,2016,3944,78,77,,,,,,,
Donegall Quay,November,2016,3904,820,774,,,,,,,
Dunbar Link / Gordon Street,November,2016,3916,183,193,,,,,,,
Europa Bus Station / Blackstaff Square,November,2016,3910,567,578,,,,,,,
Gasworks (Cromac Street),November,2016,3907,697,609,,,,,,,
Gasworks (Lagan Towpath),November,2016,3927,826,937,,,,,,,
Girdwood Community Hub/ Cliftonville Park Avenue,November,2016,3942,2,6,,,,,,,
Great Victoria Street / Hope Street,November,2016,3911,472,508,,,,,,,
Linenhall Street / Donegall Square South,November,2016,3928,385,358,,,,,,,
Mater Hospital/Crumlin Road,November,2016,3937,47,43,,,,,,,
Millfield / Divis Street,November,2016,3920,158,146,,,,,,,
North Street / Waring Street,November,2016,3917,207,255,,,,,,,
Odyssey / Sydenham Road,November,2016,3921,1163,1081,,,,,,,
Queens University / Botanic Gardens ,November,2016,3934,559,581,,,,,,,
Queens University / University Road ,November,2016,3933,734,704,,,,,,,
Royal Avenue / Castlecourt,November,2016,3925,291,318,,,,,,,
Royal Victoria Hospital,November,2016,3936,118,124,,,,,,,
Shankill Leisure Centre/ Shankill Road,November,2016,3938,54,51,,,,,,,
Smithfield / Winetavern Street,November,2016,3913,115,58,,,,,,,
St George's Market / Cromac Square,November,2016,3906,317,307,,,,,,,
Titanic Belfast Met,November,2016,3932,968,981,,,,,,,
Victoria Square / Victoria Street,November,2016,3903,369,401,,,,,,,
Waterfront,November,2016,3908,644,656,,,,,,,
Writer's Square / St Anne's Cathedral,November,2016,3931,178,170,,,,,,,
Alfred Street / St Malachy's Church,December,2016,3923,603,544,,,,,,,
Antrim Road / Duncairn Centre,December,2016,3943,75,64,,,,,,,
Arthur Street / Chichester Street,December,2016,3929,732,821,,,,,,,
Bankmore Square / Dublin Road,December,2016,3918,483,388,,,,,,,
Belfast City Hospital Lisburn Rd,December,2016,3935,437,377,,,,,,,
Botanic Avenue / Shaftesbury Square,December,2016,3909,657,634,,,,,,,
Bradbury Place,December,2016,3924,345,232,,,,,,,
Carrick Hill/St Patricks Church,December,2016,3915,183,137,,,,,,,
Castle Place / Royal Avenue,December,2016,3912,681,745,,,,,,,
Cathedral Gardens / York Street,December,2016,3914,240,211,,,,,,,
Central Station / East Bridge Street,December,2016,3930,157,225,,,,,,,
Central Station / Mays Meadow,December,2016,3905,517,513,,,,,,,
City Hall,December,2016,3902,707,769,,,,,,,
College Square East,December,2016,3919,240,226,,,,,,,
Corporation Square,December,2016,3922,704,743,,,,,,,
Cotton Court / Waring Street,December,2016,3926,171,206,,,,,,,
CS Lewis Square,December,2016,3944,227,234,,,,,,,
Donegall Quay,December,2016,3904,739,688,,,,,,,
Dunbar Link / Gordon Street,December,2016,3916,135,141,,,,,,,
Europa Bus Station / Blackstaff Square,December,2016,3910,451,481,,,,,,,
Gasworks (Cromac Street),December,2016,3907,533,482,,,,,,,
Gasworks (Lagan Towpath),December,2016,3927,592,639,,,,,,,
Girdwood Community Hub/ Cliftonville Park Avenue,December,2016,3942,1,6,,,,,,,
Great Victoria Street / Hope Street,December,2016,3911,326,321,,,,,,,
Linenhall Street / Donegall Square South,December,2016,3928,271,272,,,,,,,
Mater Hospital/Crumlin Road,December,2016,3937,34,27,,,,,,,
Millfield / Divis Street,December,2016,3920,129,105,,,,,,,
North Street / Waring Street,December,2016,3917,172,231,,,,,,,
Odyssey / Sydenham Road,December,2016,3921,1016,947,,,,,,,
Queens University / Botanic Gardens ,December,2016,3934,307,387,,,,,,,
Queens University / University Road ,December,2016,3933,541,545,,,,,,,
Royal Avenue / Castlecourt,December,2016,3925,253,244,,,,,,,
Royal Victoria Hospital,December,2016,3936,79,99,,,,,,,
Shankill Leisure Centre/ Shankill Road,December,2016,3938,41,34,,,,,,,
Smithfield / Winetavern Street,December,2016,3913,103,64,,,,,,,
St George's Market / Cromac Square,December,2016,3906,213,210,,,,,,,
Titanic Belfast Met,December,2016,3932,824,836,,,,,,,
Victoria Square / Victoria Street,December,2016,3903,383,419,,,,,,,
Waterfront,December,2016,3908,535,566,,,,,,,
Writer's Square / St Anne's Cathedral,December,2016,3931,154,150,,,,,,,
Alfred Street / St Malachy's Church,January,2017,3923,706,662,,,,,,,
Antrim Road / Duncairn Centre,January,2017,3943,118,114,,,,,,,
Arthur Street / Chichester Street,January,2017,3929,739,835,,,,,,,
Bankmore Square / Dublin Road,January,2017,3918,568,491,,,,,,,
Belfast City Hospital Lisburn Rd,January,2017,3935,586,518,,,,,,,
Botanic Avenue / Shaftesbury Square,January,2017,3909,690,694,,,,,,,
Bradbury Place,January,2017,3924,376,267,,,,,,,
Carrick Hill/St Patricks Church,January,2017,3915,215,155,,,,,,,
Castle Place / Royal Avenue,January,2017,3912,730,805,,,,,,,
Cathedral Gardens / York Street,January,2017,3914,253,214,,,,,,,
Central Station / East Bridge Street,January,2017,3930,224,303,,,,,,,
Central Station / Mays Meadow,January,2017,3905,542,663,,,,,,,
City Hall,January,2017,3902,691,660,,,,,,,
College Square East,January,2017,3919,260,216,,,,,,,
Corporation Square,January,2017,3922,793,842,,,,,,,
Cotton Court / Waring Street,January,2017,3926,246,250,,,,,,,
CS Lewis Square,January,2017,3944,332,390,,,,,,,
Donegall Quay,January,2017,3904,710,648,,,,,,,
Dunbar Link / Gordon Street,January,2017,3916,149,143,,,,,,,
Europa Bus Station / Blackstaff Square,January,2017,3910,522,579,,,,,,,
Gasworks (Cromac Street),January,2017,3907,617,507,,,,,,,
Gasworks (Lagan Towpath),January,2017,3927,715,776,,,,,,,
Girdwood Community Hub/ Cliftonville Park Avenue,January,2017,3942,1,18,,,,,,,
Great Victoria Street / Hope Street,January,2017,3911,304,407,,,,,,,
Linenhall Street / Donegall Square South,January,2017,3928,360,366,,,,,,,
Mater Hospital/Crumlin Road,January,2017,3937,41,36,,,,,,,
Millfield / Divis Street,January,2017,3920,186,155,,,,,,,
North Street / Waring Street,January,2017,3917,199,234,,,,,,,
Odyssey / Sydenham Road,January,2017,3921,1062,996,,,,,,,
Queens University / Botanic Gardens ,January,2017,3934,528,533,,,,,,,
Queens University / University Road ,January,2017,3933,636,619,,,,,,,
Royal Avenue / Castlecourt,January,2017,3925,284,278,,,,,,,
Royal Victoria Hospital,January,2017,3936,99,144,,,,,,,
Shankill Leisure Centre/ Shankill Road,January,2017,3938,60,53,,,,,,,
Smithfield / Winetavern Street,January,2017,3913,116,80,,,,,,,
St George's Market / Cromac Square,January,2017,3906,231,220,,,,,,,
Titanic Belfast Met,January,2017,3932,890,900,,,,,,,
Victoria Square / Victoria Street,January,2017,3903,339,361,,,,,,,
Waterfront,January,2017,3908,614,597,,,,,,,
Writer's Square / St Anne's Cathedral,January,2017,3931,150,141,,,,,,,
Alfred Street / St Malachy's Church,February,2017,3923,660,609,,,,,,,
Antrim Road / Duncairn Centre,February,2017,3943,89,82,,,,,,,
Arthur Street / Chichester Street,February,2017,3929,647,739,,,,,,,
Bankmore Square / Dublin Road,February,2017,3918,541,463,,,,,,,
Belfast City Hospital Lisburn Rd,February,2017,3935,494,435,,,,,,,
Botanic Avenue / Shaftesbury Square,February,2017,3909,625,631,,,,,,,
Bradbury Place,February,2017,3924,334,215,,,,,,,
Carrick Hill/St Patricks Church,February,2017,3915,214,168,,,,,,,
Castle Place / Royal Avenue,February,2017,3912,689,714,,,,,,,
Cathedral Gardens / York Street,February,2017,3914,303,286,,,,,,,
Central Station / East Bridge Street,February,2017,3930,202,273,,,,,,,
Central Station / Mays Meadow,February,2017,3905,562,632,,,,,,,
City Hall,February,2017,3902,614,623,,,,,,,
College Square East,February,2017,3919,194,157,,,,,,,
Corporation Square,February,2017,3922,780,828,,,,,,,
Cotton Court / Waring Street,February,2017,3926,205,225,,,,,,,
CS Lewis Square,February,2017,3944,293,364,,,,,,,
Donegall Quay,February,2017,3904,645,587,,,,,,,
Dunbar Link / Gordon Street,February,2017,3916,153,150,,,,,,,
Europa Bus Station / Blackstaff Square,February,2017,3910,546,616,,,,,,,
Gasworks (Cromac Street),February,2017,3907,546,483,,,,,,,
Gasworks (Lagan Towpath),February,2017,3927,627,683,,,,,,,
Girdwood Community Hub/ Cliftonville Park Avenue,February,2017,3942,2,13,,,,,,,
Great Victoria Street / Hope Street,February,2017,3911,253,312,,,,,,,
Linenhall Street / Donegall Square South,February,2017,3928,306,306,,,,,,,
Mater Hospital/Crumlin Road,February,2017,3937,51,38,,,,,,,
Millfield / Divis Street,February,2017,3920,147,130,,,,,,,
North Street / Waring Street,February,2017,3917,214,252,,,,,,,
Odyssey / Sydenham Road,February,2017,3921,961,922,,,,,,,
Queens University / Botanic Gardens ,February,2017,3934,474,481,,,,,,,
Queens University / University Road ,February,2017,3933,673,620,,,,,,,
Royal Avenue / Castlecourt,February,2017,3925,223,226,,,,,,,
Royal Victoria Hospital,February,2017,3936,92,114,,,,,,,
Shankill Leisure Centre/ Shankill Road,February,2017,3938,43,30,,,,,,,
Smithfield / Winetavern Street,February,2017,3913,104,56,,,,,,,
St George's Market / Cromac Square,February,2017,3906,254,263,,,,,,,
Titanic Belfast Met,February,2017,3932,881,902,,,,,,,
Victoria Square / Victoria Street,February,2017,3903,282,284,,,,,,,
Waterfront,February,2017,3908,592,606,,,,,,,
Writer's Square / St Anne's Cathedral,February,2017,3931,160,133,,,,,,,
Alfred Street / St Malachy's Church,March,2017,3923,775,742,,,,,,,
Antrim Road / Duncairn Centre,March,2017,3943,120,101,,,,,,,
Arthur Street / Chichester Street,March,2017,3929,867,934,,,,,,,
Bankmore Square / Dublin Road,March,2017,3918,622,584,,,,,,,
Belfast City Hospital Lisburn Rd,March,2017,3935,600,507,,,,,,,
Botanic Avenue / Shaftesbury Square,March,2017,3909,788,752,,,,,,,
Bradbury Place,March,2017,3924,413,276,,,,,,,
Carrick Hill/St Patricks Church,March,2017,3915,246,222,,,,,,,
Castle Place / Royal Avenue,March,2017,3912,805,903,,,,,,,
Cathedral Gardens / York Street,March,2017,3914,301,275,,,,,,,
Central Station / East Bridge Street,March,2017,3930,231,294,,,,,,,
Central Station / Mays Meadow,March,2017,3905,726,785,,,,,,,
City Hall,March,2017,3902,833,816,,,,,,,
College Square East,March,2017,3919,222,178,,,,,,,
Corporation Square,March,2017,3922,935,983,,,,,,,
Cotton Court / Waring Street,March,2017,3926,208,233,,,,,,,
CS Lewis Square,March,2017,3944,536,578,,,,,,,
Donegall Quay,March,2017,3904,776,779,,,,,,,
Dunbar Link / Gordon Street,March,2017,3916,221,225,,,,,,,
Europa Bus Station / Blackstaff Square,March,2017,3910,661,670,,,,,,,
Gasworks (Cromac Street),March,2017,3907,638,594,,,,,,,
Gasworks (Lagan Towpath),March,2017,3927,818,918,,,,,,,
Girdwood Community Hub/ Cliftonville Park Avenue,March,2017,3942,1,13,,,,,,,
Great Victoria Street / Hope Street,March,2017,3911,375,426,,,,,,,
Linenhall Street / Donegall Square South,March,2017,3928,360,342,,,,,,,
Mater Hospital/Crumlin Road,March,2017,3937,32,20,,,,,,,
Millfield / Divis Street,March,2017,3920,175,189,,,,,,,
North Street / Waring Street,March,2017,3917,264,297,,,,,,,
Odyssey / Sydenham Road,March,2017,3921,1160,1081,,,,,,,
Queens University / Botanic Gardens ,March,2017,3934,707,730,,,,,,,
Queens University / University Road ,March,2017,3933,764,714,,,,,,,
Royal Avenue / Castlecourt,March,2017,3925,318,318,,,,,,,
Royal Victoria Hospital,March,2017,3936,128,137,,,,,,,
Shankill Leisure Centre/ Shankill Road,March,2017,3938,49,42,,,,,,,
Smithfield / Winetavern Street,March,2017,3913,118,106,,,,,,,
St George's Market / Cromac Square,March,2017,3906,302,306,,,,,,,
Titanic Belfast Met,March,2017,3932,1191,1211,,,,,,,
Victoria Square / Victoria Street,March,2017,3903,336,349,,,,,,,
Waterfront,March,2017,3908,710,706,,,,,,,
Writer's Square / St Anne's Cathedral,March,2017,3931,195,167,,,,,,,
Alfred Street / St Malachy's Church,April,2017,3923,669,657,,,,,,,
Antrim Road / Duncairn Centre,April,2017,3943,90,88,,,,,,,
Arthur Street / Chichester Street,April,2017,3929,794,864,,,,,,,
Bankmore Square / Dublin Road,April,2017,3918,560,513,,,,,,,
Belfast City Hospital Lisburn Rd,April,2017,3935,565,483,,,,,,,
Botanic Avenue / Shaftesbury Square,April,2017,3909,707,682,,,,,,,
Bradbury Place,April,2017,3924,489,339,,,,,,,
Carrick Hill/St Patricks Church,April,2017,3915,177,177,,,,,,,
Castle Place / Royal Avenue,April,2017,3912,699,755,,,,,,,
Cathedral Gardens / York Street,April,2017,3914,257,276,,,,,,,
Central Station / East Bridge Street,April,2017,3930,140,223,,,,,,,
Central Station / Mays Meadow,April,2017,3905,602,610,,,,,,,
City Hall,April,2017,3902,765,698,,,,,,,
College Square East,April,2017,3919,185,153,,,,,,,
Corporation Square,April,2017,3922,785,848,,,,,,,
Cotton Court / Waring Street,April,2017,3926,209,222,,,,,,,
CS Lewis Square,April,2017,3944,611,688,,,,,,,
Donegall Quay,April,2017,3904,717,677,,,,,,,
Dunbar Link / Gordon Street,April,2017,3916,189,195,,,,,,,
Europa Bus Station / Blackstaff Square,April,2017,3910,582,596,,,,,,,
Gasworks (Cromac Street),April,2017,3907,545,504,,,,,,,
Gasworks (Lagan Towpath),April,2017,3927,737,792,,,,,,,
Girdwood Community Hub/ Cliftonville Park Avenue,April,2017,3942,,,,,,,,,
Great Victoria Street / Hope Street,April,2017,3911,439,471,,,,,,,
Grosvenor Road/ Servia Street,April,2017,3940,23,51,,,,,,,
Linenhall Street / Donegall Square South,April,2017,3928,321,284,,,,,,,
Mater Hospital/Crumlin Road,April,2017,3937,44,32,,,,,,,
Millfield / Divis Street,April,2017,3920,104,127,,,,,,,
North Street / Waring Street,April,2017,3917,273,300,,,,,,,
Odyssey / Sydenham Road,April,2017,3921,1087,1024,,,,,,,
Queens University / Botanic Gardens ,April,2017,3934,642,671,,,,,,,
Queens University / University Road ,April,2017,3933,611,582,,,,,,,
Royal Avenue / Castlecourt,April,2017,3925,243,247,,,,,,,
Royal Victoria Hospital,April,2017,3936,71,63,,,,,,,
Shankill Leisure Centre/ Shankill Road,April,2017,3938,28,34,,,,,,,
Smithfield / Winetavern Street,April,2017,3913,62,78,,,,,,,
St George's Market / Cromac Square,April,2017,3906,215,230,,,,,,,
Titanic Belfast Met,April,2017,3932,910,903,,,,,,,
Victoria Square / Victoria Street,April,2017,3903,359,365,,,,,,,
Waterfront,April,2017,3908,577,578,,,,,,,
Writer's Square / St Anne's Cathedral,April,2017,3931,142,118,,,,,,,
Alfred Street / St Malachy's Church,May,2017,3923,933,933,,,,,,,
Antrim Road / Duncairn Centre,May,2017,3943,128,134,,,,,,,
Arthur Street / Chichester Street,May,2017,3929,866,915,,,,,,,
Bankmore Square / Dublin Road,May,2017,3918,720,676,,,,,,,
Belfast City Hospital Lisburn Rd,May,2017,3935,829,731,,,,,,,
Botanic Avenue / Shaftesbury Square,May,2017,3909,929,839,,,,,,,
Bradbury Place,May,2017,3924,548,377,,,,,,,
Carrick Hill/St Patricks Church,May,2017,3915,255,242,,,,,,,
Castle Place / Royal Avenue,May,2017,3912,843,928,,,,,,,
Cathedral Gardens / York Street,May,2017,3914,293,294,,,,,,,
Central Station / East Bridge Street,May,2017,3930,195,266,,,,,,,
Central Station / Mays Meadow,May,2017,3905,865,761,,,,,,,
City Hall,May,2017,3902,1044,971,,,,,,,
College Square East,May,2017,3919,226,233,,,,,,,
Corporation Square,May,2017,3922,987,1073,,,,,,,
Cotton Court / Waring Street,May,2017,3926,283,285,,,,,,,
CS Lewis Square,May,2017,3944,746,802,,,,,,,
Donegall Quay,May,2017,3904,891,867,,,,,,,
Dunbar Link / Gordon Street,May,2017,3916,305,300,,,,,,,
Europa Bus Station / Blackstaff Square,May,2017,3910,817,784,,,,,,,
Gasworks (Cromac Street),May,2017,3907,586,579,,,,,,,
Gasworks (Lagan Towpath),May,2017,3927,933,1007,,,,,,,
Girdwood Community Hub/ Cliftonville Park Avenue,May,2017,3942,7,28,,,,,,,
Great Victoria Street / Hope Street,May,2017,3911,595,630,,,,,,,
Grosvenor Road/ Servia Street,May,2017,3940,64,157,,,,,,,
Linenhall Street / Donegall Square South,May,2017,3928,393,392,,,,,,,
Mater Hospital/Crumlin Road,May,2017,3937,31,27,,,,,,,
Millfield / Divis Street,May,2017,3920,164,183,,,,,,,
North Street / Waring Street,May,2017,3917,365,413,,,,,,,
Odyssey / Sydenham Road,May,2017,3921,1268,1231,,,,,,,
Queens University / Botanic Gardens ,May,2017,3934,840,866,,,,,,,
Queens University / University Road ,May,2017,3933,885,806,,,,,,,
Royal Avenue / Castlecourt,May,2017,3925,393,425,,,,,,,
Royal Victoria Hospital,May,2017,3936,119,120,,,,,,,
Shankill Leisure Centre/ Shankill Road,May,2017,3938,38,54,,,,,,,
Smithfield / Winetavern Street,May,2017,3913,48,85,,,,,,,
St George's Market / Cromac Square,May,2017,3906,272,273,,,,,,,
Sydenham Road,May,2017,,,,,,,,,,
Titanic Belfast Met,May,2017,3932,1331,1330,,,,,,,
Victoria Square / Victoria Street,May,2017,3903,455,451,,,,,,,
Waterfront,May,2017,3908,802,806,,,,,,,
Writer's Square / St Anne's Cathedral,May,2017,3931,225,208,,,,,,,
Alfred Street / St Malachy's Church,June,2017,3923,976,977,,,,,,,
Antrim Road / Duncairn Centre,June,2017,3943,107,107,,,,,,,
Arthur Street / Chichester Street,June,2017,3929,1036,1107,,,,,,,
Bankmore Square / Dublin Road,June,2017,3918,675,661,,,,,,,
Belfast City Hospital Lisburn Rd,June,2017,3935,738,624,,,,,,,
Botanic Avenue / Shaftesbury Square,June,2017,3909,813,805,,,,,,,
Bradbury Place,June,2017,3924,493,356,,,,,,,
Carrick Hill/St Patricks Church,June,2017,3915,230,213,,,,,,,
Castle Place / Royal Avenue,June,2017,3912,923,989,,,,,,,
Cathedral Gardens / York Street,June,2017,3914,268,273,,,,,,,
Central Station / East Bridge Street,June,2017,3930,193,259,,,,,,,
Central Station / Mays Meadow,June,2017,3905,859,813,,,,,,,
City Hall,June,2017,3902,946,835,,,,,,,
College Square East,June,2017,3919,195,189,,,,,,,
Corporation Square,June,2017,3922,973,1093,,,,,,,
Cotton Court / Waring Street,June,2017,3926,216,233,,,,,,,
CS Lewis Square,June,2017,3944,673,721,,,,,,,
Donegall Quay,June,2017,3904,889,793,,,,,,,
Dunbar Link / Gordon Street,June,2017,3916,257,263,,,,,,,
Europa Bus Station / Blackstaff Square,June,2017,3910,830,806,,,,,,,
Falls Road/Twin Spire,June,2017,3941,19,16,,,,,,,
Gasworks (Cromac Street),June,2017,3907,677,616,,,,,,,
Gasworks (Lagan Towpath),June,2017,3927,918,1012,,,,,,,
Girdwood Community Hub/ Cliftonville Park Avenue,June,2017,3942,7,17,,,,,,,
Great Victoria Street / Hope Street,June,2017,3911,589,591,,,,,,,
Grosvenor Road/ Servia Street,June,2017,3940,73,158,,,,,,,
Linenhall Street / Donegall Square South,June,2017,3928,328,322,,,,,,,
Mater Hospital/Crumlin Road,June,2017,3937,23,18,,,,,,,
Millfield / Divis Street,June,2017,3920,150,154,,,,,,,
North Street / Waring Street,June,2017,3917,303,342,,,,,,,
Odyssey / Sydenham Road,June,2017,3921,1344,1371,,,,,,,
Queens University / Botanic Gardens ,June,2017,3934,740,787,,,,,,,
Queens University / University Road ,June,2017,3933,809,698,,,,,,,
Royal Avenue / Castlecourt,June,2017,3925,312,326,,,,,,,
Royal Victoria Hospital,June,2017,3936,98,98,,,,,,,
Shankill Leisure Centre/ Shankill Road,June,2017,3938,34,45,,,,,,,
Smithfield / Winetavern Street,June,2017,3913,58,89,,,,,,,
St George's Market / Cromac Square,June,2017,3906,312,280,,,,,,,
Titanic Belfast Met,June,2017,3932,1204,1205,,,,,,,
Victoria Square / Victoria Street,June,2017,3903,547,513,,,,,,,
Waterfront,June,2017,3908,752,755,,,,,,,
Writer's Square / St Anne's Cathedral,June,2017,3931,211,200,,,,,,,
Alfred Street / St Malachy's Church,July,2017,3923,760,764,,,,,,,
Antrim Road / Duncairn Centre,July,2017,3943,92,100,,,,,,,
Arthur Street / Chichester Street,July,2017,3929,892,938,,,,,,,
Bankmore Square / Dublin Road,July,2017,3918,642,621,,,,,,,
Belfast City Hospital Lisburn Rd,July,2017,3935,687,600,,,,,,,
Botanic Avenue / Shaftesbury Square,July,2017,3909,743,723,,,,,,,
Bradbury Place,July,2017,3924,416,285,,,,,,,
Carrick Hill/St Patricks Church,July,2017,3915,160,128,,,,,,,
Castle Place / Royal Avenue,July,2017,3912,800,811,,,,,,,
Cathedral Gardens / York Street,July,2017,3914,226,204,,,,,,,
Central Station / East Bridge Street,July,2017,3930,139,217,,,,,,,
Central Station / Mays Meadow,July,2017,3905,671,694,,,,,,,
City Hall,July,2017,3902,850,769,,,,,,,
College Square East,July,2017,3919,182,178,,,,,,,
Corporation Square,July,2017,3922,846,910,,,,,,,
Cotton Court / Waring Street,July,2017,3926,208,196,,,,,,,
CS Lewis Square,July,2017,3944,564,628,,,,,,,
Donegall Quay,July,2017,3904,839,784,,,,,,,
Dunbar Link / Gordon Street,July,2017,3916,184,178,,,,,,,
Europa Bus Station / Blackstaff Square,July,2017,3910,655,660,,,,,,,
Falls Road/Twin Spire,July,2017,3941,19,21,,,,,,,
Gasworks (Cromac Street),July,2017,3907,489,458,,,,,,,
Gasworks (Lagan Towpath),July,2017,3927,724,740,,,,,,,
Girdwood Community Hub/ Cliftonville Park Avenue,July,2017,3942,3,7,,,,,,,
Great Victoria Street / Hope Street,July,2017,3911,547,553,,,,,,,
Grosvenor Road/ Servia Street,July,2017,3940,45,90,,,,,,,
Linenhall Street / Donegall Square South,July,2017,3928,247,242,,,,,,,
Mater Hospital/Crumlin Road,July,2017,3937,30,30,,,,,,,
Millfield / Divis Street,July,2017,3920,171,179,,,,,,,
North Street / Waring Street,July,2017,3917,271,272,,,,,,,
Odyssey / Sydenham Road,July,2017,3921,1160,1106,,,,,,,
Queens University / Botanic Gardens ,July,2017,3934,724,792,,,,,,,
Queens University / University Road ,July,2017,3933,628,609,,,,,,,
Royal Avenue / Castlecourt,July,2017,3925,304,326,,,,,,,
Royal Victoria Hospital,July,2017,3936,58,61,,,,,,,
Shankill Leisure Centre/ Shankill Road,July,2017,3938,34,45,,,,,,,
Smithfield / Winetavern Street,July,2017,3913,53,77,,,,,,,
St George's Market / Cromac Square,July,2017,3906,224,212,,,,,,,
Titanic Belfast Met,July,2017,3932,977,982,,,,,,,
Victoria Square / Victoria Street,July,2017,3903,388,378,,,,,,,
Waterfront,July,2017,3908,607,610,,,,,,,
Writer's Square / St Anne's Cathedral,July,2017,3931,171,176,,,,,,,
